M,under 16,Middle Hill,0.0
F,under 16,Middle Hill,0.0
M,16 to 20,Middle Hill,0.00911282675446
F,16 to 20,Middle Hill,0.00459556732831
M,21 to 34,Middle Hill,0.0406338214246
F,21 to 34,Middle Hill,0.0180537241696
M,35 to 44,Middle Hill,0.0361827746559
F,35 to 44,Middle Hill,0.00456199583537
M,45 to 64,Middle Hill,0.0539181515955
F,45 to 64,Middle Hill,0.0135960704762
M,65 and over,Middle Hill,0.0
F,65 and over,Middle Hill,0.0
M,under 16,Spring Hill-City View,0.0
F,under 16,Spring Hill-City View,0.0
M,16 to 20,Spring Hill-City View,0.0135878335144
F,16 to 20,Spring Hill-City View,0.00454799378534
M,21 to 34,Spring Hill-City View,0.165773875566
F,21 to 34,Spring Hill-City View,0.0493822375053
M,35 to 44,Spring Hill-City View,0.0227124151739
F,35 to 44,Spring Hill-City View,0.00910955509494
M,45 to 64,Spring Hill-City View,0.022653884653
F,45 to 64,Spring Hill-City View,0.00915339832488
M,65 and over,Spring Hill-City View,0.0
F,65 and over,Spring Hill-City View,0.0
M,under 16,Perry South,0.0181274836961
F,under 16,Perry South,0.0046012371604
M,16 to 20,Perry South,0.0182219733639
F,16 to 20,Perry South,0.0136919035328
M,21 to 34,Perry South,0.0977346430061
F,21 to 34,Perry South,0.0271521437378
M,35 to 44,Perry South,0.0626148681393
F,35 to 44,Perry South,0.0
M,45 to 64,Perry South,0.0758989271061
F,45 to 64,Perry South,0.0182139083198
M,65 and over,Perry South,0.00459663822079
F,65 and over,Perry South,0.0
M,under 16,Brighton Heights,0.00916719373615
F,under 16,Brighton Heights,0.0135565543091
M,16 to 20,Brighton Heights,0.0584802101522
F,16 to 20,Brighton Heights,0.0181269129845
M,21 to 34,Brighton Heights,0.144809201901
F,21 to 34,Brighton Heights,0.0845904106964
M,35 to 44,Brighton Heights,0.0540711218162
F,35 to 44,Brighton Heights,0.0407822688739
M,45 to 64,Brighton Heights,0.0315907409382
F,45 to 64,Brighton Heights,0.00457335564476
M,65 and over,Brighton Heights,0.0
F,65 and over,Brighton Heights,0.0
M,under 16,Manchester,0.0
F,under 16,Manchester,0.0
M,16 to 20,Manchester,0.0226823773082
F,16 to 20,Manchester,0.00908534271732
M,21 to 34,Manchester,0.0317084017038
F,21 to 34,Manchester,0.0136351253631
M,35 to 44,Manchester,0.00451794934478
F,35 to 44,Manchester,0.0271767826018
M,45 to 64,Manchester,0.0271887817174
F,45 to 64,Manchester,0.0180333635645
M,65 and over,Manchester,0.0
F,65 and over,Manchester,0.00453813079605
M,under 16,Golden Triangle/Civic Arena,0.0181637321231
F,under 16,Golden Triangle/Civic Arena,0.0225321369228
M,16 to 20,Golden Triangle/Civic Arena,0.132228563559
F,16 to 20,Golden Triangle/Civic Arena,0.144751848381
M,21 to 34,Golden Triangle/Civic Arena,0.423872877623
F,21 to 34,Golden Triangle/Civic Arena,0.210922941081
M,35 to 44,Golden Triangle/Civic Arena,0.136800021752
F,35 to 44,Golden Triangle/Civic Arena,0.0802580050763
M,45 to 64,Golden Triangle/Civic Arena,0.140502255073
F,45 to 64,Golden Triangle/Civic Arena,0.040590108477
M,65 and over,Golden Triangle/Civic Arena,0.0181357040655
F,65 and over,Golden Triangle/Civic Arena,0.0
M,under 16,Beltzhoover,0.0
F,under 16,Beltzhoover,0.0
M,16 to 20,Beltzhoover,0.00904867876483
F,16 to 20,Beltzhoover,0.00906754254454
M,21 to 34,Beltzhoover,0.0404772212482
F,21 to 34,Beltzhoover,0.0136200977222
M,35 to 44,Beltzhoover,0.0090788188749
F,35 to 44,Beltzhoover,0.0
M,45 to 64,Beltzhoover,0.0362501780208
F,45 to 64,Beltzhoover,0.0181643779795
M,65 and over,Beltzhoover,0.0
F,65 and over,Beltzhoover,0.0
M,under 16,Knoxville,0.0
F,under 16,Knoxville,0.0
M,16 to 20,Knoxville,0.0091488593628
F,16 to 20,Knoxville,0.0135924353134
M,21 to 34,Knoxville,0.123776418177
F,21 to 34,Knoxville,0.0361300194387
M,35 to 44,Knoxville,0.0318035300759
F,35 to 44,Knoxville,0.00910008622568
M,45 to 64,Knoxville,0.0540163289132
F,45 to 64,Knoxville,0.0181322988304
M,65 and over,Knoxville,0.0
F,65 and over,Knoxville,0.0
M,under 16,Central Oakland,0.0
F,under 16,Central Oakland,0.0
M,16 to 20,Central Oakland,0.0362307673348
F,16 to 20,Central Oakland,0.0
M,21 to 34,Central Oakland,0.0715991478916
F,21 to 34,Central Oakland,0.00907889854444
M,35 to 44,Central Oakland,0.00905468865046
F,35 to 44,Central Oakland,0.0
M,45 to 64,Central Oakland,0.0271998911025
F,45 to 64,Central Oakland,0.0
M,65 and over,Central Oakland,0.0
F,65 and over,Central Oakland,0.0
M,under 16,South Shore,0.0
F,under 16,South Shore,0.0
M,16 to 20,South Shore,0.0
F,16 to 20,South Shore,0.0
M,21 to 34,South Shore,0.00453190874679
F,21 to 34,South Shore,0.0135872204
M,35 to 44,South Shore,0.00458933536967
F,35 to 44,South Shore,0.0
M,45 to 64,South Shore,0.0
F,45 to 64,South Shore,0.0
M,65 and over,South Shore,0.0
F,65 and over,South Shore,0.0
M,under 16,New Homestead,0.0
F,under 16,New Homestead,0.0
M,16 to 20,New Homestead,0.0
F,16 to 20,New Homestead,0.0
M,21 to 34,New Homestead,0.0
F,21 to 34,New Homestead,0.0
M,35 to 44,New Homestead,0.0
F,35 to 44,New Homestead,0.0
M,45 to 64,New Homestead,0.00456898560379
F,45 to 64,New Homestead,0.0
M,65 and over,New Homestead,0.0
F,65 and over,New Homestead,0.0
M,under 16,Hazelwood,0.0403114886414
F,under 16,Hazelwood,0.0
M,16 to 20,Hazelwood,0.0362837678932
F,16 to 20,Hazelwood,0.00911725566863
M,21 to 34,Hazelwood,0.0585629335636
F,21 to 34,Hazelwood,0.0226508621849
M,35 to 44,Hazelwood,0.0227248253509
F,35 to 44,Hazelwood,0.00915838196409
M,45 to 64,Hazelwood,0.0629975278734
F,45 to 64,Hazelwood,0.00913469417602
M,65 and over,Hazelwood,0.0
F,65 and over,Hazelwood,0.0
M,under 16,Point Breeze North,0.00903296537756
F,under 16,Point Breeze North,0.0
M,16 to 20,Point Breeze North,0.00454674325838
F,16 to 20,Point Breeze North,0.0
M,21 to 34,Point Breeze North,0.0226801391725
F,21 to 34,Point Breeze North,0.00454362071692
M,35 to 44,Point Breeze North,0.0
F,35 to 44,Point Breeze North,0.0
M,45 to 64,Point Breeze North,0.00906087085545
F,45 to 64,Point Breeze North,0.00459428074895
M,65 and over,Point Breeze North,0.0
F,65 and over,Point Breeze North,0.0
M,under 16,Homewood South,0.0
F,under 16,Homewood South,0.0
M,16 to 20,Homewood South,0.00907478370598
F,16 to 20,Homewood South,0.00452919041577
M,21 to 34,Homewood South,0.0894507543682
F,21 to 34,Homewood South,0.0848799626541
M,35 to 44,Homewood South,0.0360305383975
F,35 to 44,Homewood South,0.0226744443845
M,45 to 64,Homewood South,0.0714666232009
F,45 to 64,Homewood South,0.0405921692532
M,65 and over,Homewood South,0.00908055217748
F,65 and over,Homewood South,0.0
M,under 16,East Liberty,0.0449888206572
F,under 16,East Liberty,0.0135368825173
M,16 to 20,East Liberty,0.0717753548285
F,16 to 20,East Liberty,0.0317821377788
M,21 to 34,East Liberty,0.181979517233
F,21 to 34,East Liberty,0.08891021281
M,35 to 44,East Liberty,0.0934530931394
F,35 to 44,East Liberty,0.004566715381
M,45 to 64,East Liberty,0.102270946173
F,45 to 64,East Liberty,0.00911107710759
M,65 and over,East Liberty,0.00456851959079
F,65 and over,East Liberty,0.00906209776158
M,under 16,East Hills,0.0361712783301
F,under 16,East Hills,0.0
M,16 to 20,East Hills,0.0225137672866
F,16 to 20,East Hills,0.00904591658126
M,21 to 34,East Hills,0.148651288617
F,21 to 34,East Hills,0.0761953621062
M,35 to 44,East Hills,0.0585551899028
F,35 to 44,East Hills,0.0181873757136
M,45 to 64,East Hills,0.0180459405525
F,45 to 64,East Hills,0.0
M,65 and over,East Hills,0.0
F,65 and over,East Hills,0.0
M,under 16,Larimer,0.00458911508675
F,under 16,Larimer,0.0
M,16 to 20,Larimer,0.0316503493749
F,16 to 20,Larimer,0.0
M,21 to 34,Larimer,0.132187914858
F,21 to 34,Larimer,0.0136395211668
M,35 to 44,Larimer,0.0271729951872
F,35 to 44,Larimer,0.00458214950915
M,45 to 64,Larimer,0.0181164696758
F,45 to 64,Larimer,0.0136278989131
M,65 and over,Larimer,0.0137417295087
F,65 and over,Larimer,0.0
M,under 16,Homewood North,0.0181763335984
F,under 16,Homewood North,0.00912250698991
M,16 to 20,Homewood North,0.0756461170991
F,16 to 20,Homewood North,0.0136377160533
M,21 to 34,Homewood North,0.169965528362
F,21 to 34,Homewood North,0.0674788966544
M,35 to 44,Homewood North,0.0406372319966
F,35 to 44,Homewood North,0.0405544566955
M,45 to 64,Homewood North,0.0361932420148
F,45 to 64,Homewood North,0.0181177736203
M,65 and over,Homewood North,0.0
F,65 and over,Homewood North,0.0
M,under 16,Garfield,0.0270976263614
F,under 16,Garfield,0.0181687520026
M,16 to 20,Garfield,0.027140499905
F,16 to 20,Garfield,0.0226587309184
M,21 to 34,Garfield,0.0672072838118
F,21 to 34,Garfield,0.0270948179761
M,35 to 44,Garfield,0.00906717079938
F,35 to 44,Garfield,0.0135968885069
M,45 to 64,Garfield,0.040686134663
F,45 to 64,Garfield,0.00458956025273
M,65 and over,Garfield,0.0
F,65 and over,Garfield,0.0045960682727
M,under 16,Homewood West,0.0
F,under 16,Homewood West,0.0
M,16 to 20,Homewood West,0.00452499832458
F,16 to 20,Homewood West,0.0
M,21 to 34,Homewood West,0.0226299603528
F,21 to 34,Homewood West,0.00454985429618
M,35 to 44,Homewood West,0.0182487810144
F,35 to 44,Homewood West,0.0
M,45 to 64,Homewood West,0.0
F,45 to 64,Homewood West,0.0
M,65 and over,Homewood West,0.0
F,65 and over,Homewood West,0.0
M,under 16,Crafton Heights,0.0316010516748
F,under 16,Crafton Heights,0.0135937980981
M,16 to 20,Crafton Heights,0.0585255392006
F,16 to 20,Crafton Heights,0.00451967553197
M,21 to 34,Crafton Heights,0.148920441591
F,21 to 34,Crafton Heights,0.0360453353347
M,35 to 44,Crafton Heights,0.0448456623864
F,35 to 44,Crafton Heights,0.0225961502779
M,45 to 64,Crafton Heights,0.0451419462843
F,45 to 64,Crafton Heights,0.0136853570248
M,65 and over,Crafton Heights,0.0
F,65 and over,Crafton Heights,0.0
M,under 16,Sheraden,0.0090998616413
F,under 16,Sheraden,0.00915845697673
M,16 to 20,Sheraden,0.106589127501
F,16 to 20,Sheraden,0.00458478500407
M,21 to 34,Sheraden,0.178442919742
F,21 to 34,Sheraden,0.045096020626
M,35 to 44,Sheraden,0.0449693891473
F,35 to 44,Sheraden,0.0137393599738
M,45 to 64,Sheraden,0.053915342367
F,45 to 64,Sheraden,0.0136781298499
M,65 and over,Sheraden,0.0
F,65 and over,Sheraden,0.0
M,under 16,Northview Heights,0.00905640090385
F,under 16,Northview Heights,0.0182107792465
M,16 to 20,Northview Heights,0.062846645869
F,16 to 20,Northview Heights,0.0
M,21 to 34,Northview Heights,0.127818748928
F,21 to 34,Northview Heights,0.0539680099993
M,35 to 44,Northview Heights,0.0225894683817
F,35 to 44,Northview Heights,0.0135643903622
M,45 to 64,Northview Heights,0.0045507825616
F,45 to 64,Northview Heights,0.0
M,65 and over,Northview Heights,0.0
F,65 and over,Northview Heights,0.0
M,under 16,North Shore,0.0
F,under 16,North Shore,0.0
M,16 to 20,North Shore,0.0136480188715
F,16 to 20,North Shore,0.0
M,21 to 34,North Shore,0.0272505114024
F,21 to 34,North Shore,0.00457657184574
M,35 to 44,North Shore,0.0
F,35 to 44,North Shore,0.00458115987124
M,45 to 64,North Shore,0.0181843911889
F,45 to 64,North Shore,0.0
M,65 and over,North Shore,0.0
F,65 and over,North Shore,0.0
M,under 16,California-Kirkbride,0.0135945491081
F,under 16,California-Kirkbride,0.0
M,16 to 20,California-Kirkbride,0.00913441500147
F,16 to 20,California-Kirkbride,0.0
M,21 to 34,California-Kirkbride,0.0494446779403
F,21 to 34,California-Kirkbride,0.022648732185
M,35 to 44,California-Kirkbride,0.00458454201678
F,35 to 44,California-Kirkbride,0.0
M,45 to 64,California-Kirkbride,0.00916415073032
F,45 to 64,California-Kirkbride,0.00457520822984
M,65 and over,California-Kirkbride,0.0
F,65 and over,California-Kirkbride,0.0
M,under 16,Fineview,0.0
F,under 16,Fineview,0.0
M,16 to 20,Fineview,0.0227097015283
F,16 to 20,Fineview,0.00910748596976
M,21 to 34,Fineview,0.0584066654567
F,21 to 34,Fineview,0.031656554806
M,35 to 44,Fineview,0.0181982346638
F,35 to 44,Fineview,0.0588575255082
M,45 to 64,Fineview,0.0136135880009
F,45 to 64,Fineview,0.00455190219238
M,65 and over,Fineview,0.0
F,65 and over,Fineview,0.0
M,under 16,East Allegheny,0.00454099526166
F,under 16,East Allegheny,0.0
M,16 to 20,East Allegheny,0.0497917384806
F,16 to 20,East Allegheny,0.0
M,21 to 34,East Allegheny,0.0934296906908
F,21 to 34,East Allegheny,0.0585886434656
M,35 to 44,East Allegheny,0.0538517501073
F,35 to 44,East Allegheny,0.00454726616419
M,45 to 64,East Allegheny,0.0759452147317
F,45 to 64,East Allegheny,0.0182183574408
M,65 and over,East Allegheny,0.0
F,65 and over,East Allegheny,0.0
M,under 16,Central Lawrenceville,0.00458197997267
F,under 16,Central Lawrenceville,0.0
M,16 to 20,Central Lawrenceville,0.018107949183
F,16 to 20,Central Lawrenceville,0.0
M,21 to 34,Central Lawrenceville,0.0451819093873
F,21 to 34,Central Lawrenceville,0.00458814688513
M,35 to 44,Central Lawrenceville,0.0272342252543
F,35 to 44,Central Lawrenceville,0.0
M,45 to 64,Central Lawrenceville,0.0451815046501
F,45 to 64,Central Lawrenceville,0.0
M,65 and over,Central Lawrenceville,0.0
F,65 and over,Central Lawrenceville,0.0
M,under 16,Upper Hill,0.0
F,under 16,Upper Hill,0.0
M,16 to 20,Upper Hill,0.0136269033692
F,16 to 20,Upper Hill,0.0
M,21 to 34,Upper Hill,0.0448991972196
F,21 to 34,Upper Hill,0.00911540153888
M,35 to 44,Upper Hill,0.0
F,35 to 44,Upper Hill,0.00902443325307
M,45 to 64,Upper Hill,0.00455341822897
F,45 to 64,Upper Hill,0.0
M,65 and over,Upper Hill,0.0
F,65 and over,Upper Hill,0.0
M,under 16,South Side Flats,0.0136823224809
F,under 16,South Side Flats,0.0
M,16 to 20,South Side Flats,0.0848195530292
F,16 to 20,South Side Flats,0.0272604475043
M,21 to 34,South Side Flats,0.412732042436
F,21 to 34,South Side Flats,0.110794369487
M,35 to 44,South Side Flats,0.0540435644023
F,35 to 44,South Side Flats,0.00457428413065
M,45 to 64,South Side Flats,0.027249646379
F,45 to 64,South Side Flats,0.0
M,65 and over,South Side Flats,0.0
F,65 and over,South Side Flats,0.0
M,under 16,Mount Washington,0.0136883634967
F,under 16,Mount Washington,0.0
M,16 to 20,Mount Washington,0.0494931513495
F,16 to 20,Mount Washington,0.00912149796684
M,21 to 34,Mount Washington,0.115040320037
F,21 to 34,Mount Washington,0.0362813704568
M,35 to 44,Mount Washington,0.0494008934965
F,35 to 44,Mount Washington,0.0136459396644
M,45 to 64,Mount Washington,0.0628877243936
F,45 to 64,Mount Washington,0.004555818514
M,65 and over,Mount Washington,0.00908912825339
F,65 and over,Mount Washington,0.0
M,under 16,Carrick,0.0
F,under 16,Carrick,0.0090997053868
M,16 to 20,Carrick,0.0182454230301
F,16 to 20,Carrick,0.0
M,21 to 34,Carrick,0.211007879133
F,21 to 34,Carrick,0.0539599973509
M,35 to 44,Carrick,0.0496857854755
F,35 to 44,Carrick,0.00911319734602
M,45 to 64,Carrick,0.0583235338913
F,45 to 64,Carrick,0.0271187612741
M,65 and over,Carrick,0.0
F,65 and over,Carrick,0.0
M,under 16,Shadyside,0.0182006606148
F,under 16,Shadyside,0.0
M,16 to 20,Shadyside,0.0136485386153
F,16 to 20,Shadyside,0.0
M,21 to 34,Shadyside,0.0761068439578
F,21 to 34,Shadyside,0.0136755608496
M,35 to 44,Shadyside,0.0540005413534
F,35 to 44,Shadyside,0.00458234654591
M,45 to 64,Shadyside,0.0181968546286
F,45 to 64,Shadyside,0.0
M,65 and over,Shadyside,0.00458003304396
F,65 and over,Shadyside,0.0
M,under 16,Elliott,0.00451851864254
F,under 16,Elliott,0.0
M,16 to 20,Elliott,0.0136237996906
F,16 to 20,Elliott,0.00456086003925
M,21 to 34,Elliott,0.0932238502292
F,21 to 34,Elliott,0.0406385785456
M,35 to 44,Elliott,0.0270231582524
F,35 to 44,Elliott,0.022602334459
M,45 to 64,Elliott,0.0316489473339
F,45 to 64,Elliott,0.00453867086602
M,65 and over,Elliott,0.0
F,65 and over,Elliott,0.0
M,under 16,North Oakland,0.0
F,under 16,North Oakland,0.0
M,16 to 20,North Oakland,0.0632471747576
F,16 to 20,North Oakland,0.0
M,21 to 34,North Oakland,0.0495952041298
F,21 to 34,North Oakland,0.00906553360761
M,35 to 44,North Oakland,0.0
F,35 to 44,North Oakland,0.0
M,45 to 64,North Oakland,0.0136953673975
F,45 to 64,North Oakland,0.0
M,65 and over,North Oakland,0.0
F,65 and over,North Oakland,0.0
M,under 16,Lincoln-Lemington-Belmar,0.0090491234817
F,under 16,Lincoln-Lemington-Belmar,0.0045389613504
M,16 to 20,Lincoln-Lemington-Belmar,0.0845141718431
F,16 to 20,Lincoln-Lemington-Belmar,0.0316351623167
M,21 to 34,Lincoln-Lemington-Belmar,0.119176880349
F,21 to 34,Lincoln-Lemington-Belmar,0.110663489083
M,35 to 44,Lincoln-Lemington-Belmar,0.0405645252489
F,35 to 44,Lincoln-Lemington-Belmar,0.00906693887722
M,45 to 64,Lincoln-Lemington-Belmar,0.0362391313715
F,45 to 64,Lincoln-Lemington-Belmar,0.0181922713679
M,65 and over,Lincoln-Lemington-Belmar,0.00903357060681
F,65 and over,Lincoln-Lemington-Belmar,0.0
M,under 16,Perry North,0.0
F,under 16,Perry North,0.0
M,16 to 20,Perry North,0.0406964356238
F,16 to 20,Perry North,0.0136777651333
M,21 to 34,Perry North,0.102172513001
F,21 to 34,Perry North,0.0315935831739
M,35 to 44,Perry North,0.0361864843635
F,35 to 44,Perry North,0.00458484919154
M,45 to 64,Perry North,0.0272131145849
F,45 to 64,Perry North,0.0
M,65 and over,Perry North,0.0
F,65 and over,Perry North,0.0
M,under 16,Central Northside,0.0
F,under 16,Central Northside,0.0
M,16 to 20,Central Northside,0.0450665603116
F,16 to 20,Central Northside,0.0
M,21 to 34,Central Northside,0.102215324029
F,21 to 34,Central Northside,0.0316773127331
M,35 to 44,Central Northside,0.0271190522909
F,35 to 44,Central Northside,0.0
M,45 to 64,Central Northside,0.0629604116393
F,45 to 64,Central Northside,0.00457767035535
M,65 and over,Central Northside,0.0
F,65 and over,Central Northside,0.0
M,under 16,Crawford-Roberts,0.00453419793983
F,under 16,Crawford-Roberts,0.0
M,16 to 20,Crawford-Roberts,0.00454533853106
F,16 to 20,Crawford-Roberts,0.00910651152041
M,21 to 34,Crawford-Roberts,0.0316660297826
F,21 to 34,Crawford-Roberts,0.0181955651951
M,35 to 44,Crawford-Roberts,0.0225864085021
F,35 to 44,Crawford-Roberts,0.00914532401624
M,45 to 64,Crawford-Roberts,0.0317027596345
F,45 to 64,Crawford-Roberts,0.0182021383403
M,65 and over,Crawford-Roberts,0.00452686300892
F,65 and over,Crawford-Roberts,0.00454149025737
M,under 16,Bluff,0.0
F,under 16,Bluff,0.0
M,16 to 20,Bluff,0.0712492003514
F,16 to 20,Bluff,0.00911902756558
M,21 to 34,Bluff,0.242866336433
F,21 to 34,Bluff,0.106384022914
M,35 to 44,Bluff,0.114975438157
F,35 to 44,Bluff,0.0136703632593
M,45 to 64,Bluff,0.132122811965
F,45 to 64,Bluff,0.0135945164187
M,65 and over,Bluff,0.0
F,65 and over,Bluff,0.0
M,under 16,Morningside,0.00454365706605
F,under 16,Morningside,0.0
M,16 to 20,Morningside,0.00455139695902
F,16 to 20,Morningside,0.0
M,21 to 34,Morningside,0.00457711649047
F,21 to 34,Morningside,0.018136246812
M,35 to 44,Morningside,0.00906959081874
F,35 to 44,Morningside,0.0
M,45 to 64,Morningside,0.0227217441482
F,45 to 64,Morningside,0.00458036281837
M,65 and over,Morningside,0.013660330843
F,65 and over,Morningside,0.0
M,under 16,Banksville,0.0
F,under 16,Banksville,0.0
M,16 to 20,Banksville,0.013624490463
F,16 to 20,Banksville,0.00453903851343
M,21 to 34,Banksville,0.0449757249103
F,21 to 34,Banksville,0.00452052531127
M,35 to 44,Banksville,0.0045246951597
F,35 to 44,Banksville,0.00453904759153
M,45 to 64,Banksville,0.00903071644806
F,45 to 64,Banksville,0.0045710009718
M,65 and over,Banksville,0.0
F,65 and over,Banksville,0.0
M,under 16,Outside City,0.0
F,under 16,Outside City,0.0
M,16 to 20,Outside City,0.0
F,16 to 20,Outside City,0.0
M,21 to 34,Outside City,0.0
F,21 to 34,Outside City,0.0
M,35 to 44,Outside City,0.0
F,35 to 44,Outside City,0.0
M,45 to 64,Outside City,0.0
F,45 to 64,Outside City,0.0
M,65 and over,Outside City,0.0
F,65 and over,Outside City,0.0
M,under 16,Spring Garden,0.0
F,under 16,Spring Garden,0.0
M,16 to 20,Spring Garden,0.0316927719835
F,16 to 20,Spring Garden,0.00908433910787
M,21 to 34,Spring Garden,0.0405829861621
F,21 to 34,Spring Garden,0.0137044826728
M,35 to 44,Spring Garden,0.00453379441396
F,35 to 44,Spring Garden,0.0
M,45 to 64,Spring Garden,0.0
F,45 to 64,Spring Garden,0.00912225170463
M,65 and over,Spring Garden,0.00456805362532
F,65 and over,Spring Garden,0.0
M,under 16,Polish Hill,0.0
F,under 16,Polish Hill,0.0
M,16 to 20,Polish Hill,0.0135220677361
F,16 to 20,Polish Hill,0.0
M,21 to 34,Polish Hill,0.00904607268441
F,21 to 34,Polish Hill,0.00454919461481
M,35 to 44,Polish Hill,0.00453584868912
F,35 to 44,Polish Hill,0.0
M,45 to 64,Polish Hill,0.0137041753545
F,45 to 64,Polish Hill,0.0
M,65 and over,Polish Hill,0.0
F,65 and over,Polish Hill,0.0
M,under 16,Allentown,0.0
F,under 16,Allentown,0.0
M,16 to 20,Allentown,0.040517124716
F,16 to 20,Allentown,0.00453110666953
M,21 to 34,Allentown,0.0847466473703
F,21 to 34,Allentown,0.0406177426106
M,35 to 44,Allentown,0.0226225062821
F,35 to 44,Allentown,0.0135954344356
M,45 to 64,Allentown,0.0317562257009
F,45 to 64,Allentown,0.00905593345797
M,65 and over,Allentown,0.0
F,65 and over,Allentown,0.00458891775895
M,under 16,Westwood,0.0
F,under 16,Westwood,0.00459019824626
M,16 to 20,Westwood,0.0
F,16 to 20,Westwood,0.0
M,21 to 34,Westwood,0.00455844798113
F,21 to 34,Westwood,0.00452328819759
M,35 to 44,Westwood,0.0136411863692
F,35 to 44,Westwood,0.0
M,45 to 64,Westwood,0.00912772057761
F,45 to 64,Westwood,0.0
M,65 and over,Westwood,0.0
F,65 and over,Westwood,0.0
M,under 16,Strip District,0.0
F,under 16,Strip District,0.0
M,16 to 20,Strip District,0.0137053038069
F,16 to 20,Strip District,0.00456304065256
M,21 to 34,Strip District,0.0540704961819
F,21 to 34,Strip District,0.0180802604783
M,35 to 44,Strip District,0.0136963429939
F,35 to 44,Strip District,0.0
M,45 to 64,Strip District,0.0225873900992
F,45 to 64,Strip District,0.00456619023867
M,65 and over,Strip District,0.0
F,65 and over,Strip District,0.0
M,under 16,South Side Slopes,0.0
F,under 16,South Side Slopes,0.0
M,16 to 20,South Side Slopes,0.0
F,16 to 20,South Side Slopes,0.00907235013886
M,21 to 34,South Side Slopes,0.0496232676136
F,21 to 34,South Side Slopes,0.0182014754051
M,35 to 44,South Side Slopes,0.0136498071954
F,35 to 44,South Side Slopes,0.0136972400819
M,45 to 64,South Side Slopes,0.0091369771101
F,45 to 64,South Side Slopes,0.0
M,65 and over,South Side Slopes,0.0
F,65 and over,South Side Slopes,0.0
M,under 16,Lower Lawrenceville,0.0
F,under 16,Lower Lawrenceville,0.0
M,16 to 20,Lower Lawrenceville,0.0182340702937
F,16 to 20,Lower Lawrenceville,0.0
M,21 to 34,Lower Lawrenceville,0.0671048898116
F,21 to 34,Lower Lawrenceville,0.00906199646272
M,35 to 44,Lower Lawrenceville,0.00457117010205
F,35 to 44,Lower Lawrenceville,0.00453932902134
M,45 to 64,Lower Lawrenceville,0.00902640982137
F,45 to 64,Lower Lawrenceville,0.0
M,65 and over,Lower Lawrenceville,0.0
F,65 and over,Lower Lawrenceville,0.0
M,under 16,Highland Park,0.0
F,under 16,Highland Park,0.00458108657324
M,16 to 20,Highland Park,0.0762488634602
F,16 to 20,Highland Park,0.00455321788288
M,21 to 34,Highland Park,0.0317500775085
F,21 to 34,Highland Park,0.0136282612183
M,35 to 44,Highland Park,0.0136969406683
F,35 to 44,Highland Park,0.0136721882258
M,45 to 64,Highland Park,0.0272520042615
F,45 to 64,Highland Park,0.00454564762474
M,65 and over,Highland Park,0.00453560375978
F,65 and over,Highland Park,0.0
M,under 16,Bloomfield,0.00456244293309
F,under 16,Bloomfield,0.0
M,16 to 20,Bloomfield,0.0271109949156
F,16 to 20,Bloomfield,0.0
M,21 to 34,Bloomfield,0.0716021299866
F,21 to 34,Bloomfield,0.0671732941823
M,35 to 44,Bloomfield,0.0718772288045
F,35 to 44,Bloomfield,0.0181963823078
M,45 to 64,Bloomfield,0.0227560458054
F,45 to 64,Bloomfield,0.0136818948634
M,65 and over,Bloomfield,0.0
F,65 and over,Bloomfield,0.0
M,under 16,Beechview,0.0
F,under 16,Beechview,0.0
M,16 to 20,Beechview,0.0136751043071
F,16 to 20,Beechview,0.00453685575981
M,21 to 34,Beechview,0.0627807749521
F,21 to 34,Beechview,0.0227601326854
M,35 to 44,Beechview,0.0362888936408
F,35 to 44,Beechview,0.00456861096214
M,45 to 64,Beechview,0.0181766934183
F,45 to 64,Beechview,0.0136209349999
M,65 and over,Beechview,0.0
F,65 and over,Beechview,0.0
M,under 16,Bedford Dwellings,0.00914142893161
F,under 16,Bedford Dwellings,0.0045917729551
M,16 to 20,Bedford Dwellings,0.0
F,16 to 20,Bedford Dwellings,0.00453643385164
M,21 to 34,Bedford Dwellings,0.0716751830525
F,21 to 34,Bedford Dwellings,0.00909829819186
M,35 to 44,Bedford Dwellings,0.0136262436769
F,35 to 44,Bedford Dwellings,0.00455936888109
M,45 to 64,Bedford Dwellings,0.0272158787331
F,45 to 64,Bedford Dwellings,0.0
M,65 and over,Bedford Dwellings,0.0
F,65 and over,Bedford Dwellings,0.0
M,under 16,Point Breeze,0.0
F,under 16,Point Breeze,0.0
M,16 to 20,Point Breeze,0.0271557809182
F,16 to 20,Point Breeze,0.0
M,21 to 34,Point Breeze,0.0270623453105
F,21 to 34,Point Breeze,0.0
M,35 to 44,Point Breeze,0.0
F,35 to 44,Point Breeze,0.0
M,45 to 64,Point Breeze,0.0
F,45 to 64,Point Breeze,0.0
M,65 and over,Point Breeze,0.0
F,65 and over,Point Breeze,0.00457538666653
M,under 16,Hays,0.0
F,under 16,Hays,0.0
M,16 to 20,Hays,0.00904543275125
F,16 to 20,Hays,0.0
M,21 to 34,Hays,0.00454679327286
F,21 to 34,Hays,0.0135767947635
M,35 to 44,Hays,0.0
F,35 to 44,Hays,0.0
M,45 to 64,Hays,0.0
F,45 to 64,Hays,0.0
M,65 and over,Hays,0.0
F,65 and over,Hays,0.0
M,under 16,Chateau,0.0
F,under 16,Chateau,0.0
M,16 to 20,Chateau,0.0
F,16 to 20,Chateau,0.0
M,21 to 34,Chateau,0.0271716138681
F,21 to 34,Chateau,0.0
M,35 to 44,Chateau,0.0408619567665
F,35 to 44,Chateau,0.0
M,45 to 64,Chateau,0.00910215110934
F,45 to 64,Chateau,0.00454913547563
M,65 and over,Chateau,0.0
F,65 and over,Chateau,0.0
M,under 16,Squirrel Hill South,0.0
F,under 16,Squirrel Hill South,0.0
M,16 to 20,Squirrel Hill South,0.0091256552981
F,16 to 20,Squirrel Hill South,0.0
M,21 to 34,Squirrel Hill South,0.0
F,21 to 34,Squirrel Hill South,0.0136347661656
M,35 to 44,Squirrel Hill South,0.00906617728367
F,35 to 44,Squirrel Hill South,0.0
M,45 to 64,Squirrel Hill South,0.00457718514777
F,45 to 64,Squirrel Hill South,0.0
M,65 and over,Squirrel Hill South,0.0
F,65 and over,Squirrel Hill South,0.0
M,under 16,Esplen,0.0
F,under 16,Esplen,0.0
M,16 to 20,Esplen,0.00906399259712
F,16 to 20,Esplen,0.0
M,21 to 34,Esplen,0.0225625348343
F,21 to 34,Esplen,0.0
M,35 to 44,Esplen,0.0
F,35 to 44,Esplen,0.00452627908097
M,45 to 64,Esplen,0.00457171867565
F,45 to 64,Esplen,0.0
M,65 and over,Esplen,0.0
F,65 and over,Esplen,0.0
M,under 16,Summer Hill,0.0
F,under 16,Summer Hill,0.00452900925168
M,16 to 20,Summer Hill,0.00458823864904
F,16 to 20,Summer Hill,0.0
M,21 to 34,Summer Hill,0.0091912754546
F,21 to 34,Summer Hill,0.0
M,35 to 44,Summer Hill,0.0045213662076
F,35 to 44,Summer Hill,0.0
M,45 to 64,Summer Hill,0.0
F,45 to 64,Summer Hill,0.0
M,65 and over,Summer Hill,0.0
F,65 and over,Summer Hill,0.0
M,under 16,Allegheny Center,0.0
F,under 16,Allegheny Center,0.0
M,16 to 20,Allegheny Center,0.00453412992733
F,16 to 20,Allegheny Center,0.0
M,21 to 34,Allegheny Center,0.0452633444744
F,21 to 34,Allegheny Center,0.00911013565082
M,35 to 44,Allegheny Center,0.0227175599774
F,35 to 44,Allegheny Center,0.00458653214084
M,45 to 64,Allegheny Center,0.0449964726631
F,45 to 64,Allegheny Center,0.0
M,65 and over,Allegheny Center,0.0
F,65 and over,Allegheny Center,0.0
M,under 16,Troy Hill-Herrs Island,0.0
F,under 16,Troy Hill-Herrs Island,0.0
M,16 to 20,Troy Hill-Herrs Island,0.0272290988452
F,16 to 20,Troy Hill-Herrs Island,0.00458739449037
M,21 to 34,Troy Hill-Herrs Island,0.0849799806689
F,21 to 34,Troy Hill-Herrs Island,0.00905058234496
M,35 to 44,Troy Hill-Herrs Island,0.0135852446479
F,35 to 44,Troy Hill-Herrs Island,0.00458048190942
M,45 to 64,Troy Hill-Herrs Island,0.0540026581451
F,45 to 64,Troy Hill-Herrs Island,0.0
M,65 and over,Troy Hill-Herrs Island,0.0
F,65 and over,Troy Hill-Herrs Island,0.0
M,under 16,Upper Lawrenceville,0.0
F,under 16,Upper Lawrenceville,0.0
M,16 to 20,Upper Lawrenceville,0.0136145348129
F,16 to 20,Upper Lawrenceville,0.00456369777806
M,21 to 34,Upper Lawrenceville,0.0316238988028
F,21 to 34,Upper Lawrenceville,0.031675331539
M,35 to 44,Upper Lawrenceville,0.00454380700928
F,35 to 44,Upper Lawrenceville,0.0181777261908
M,45 to 64,Upper Lawrenceville,0.0136139590525
F,45 to 64,Upper Lawrenceville,0.0136702599868
M,65 and over,Upper Lawrenceville,0.0
F,65 and over,Upper Lawrenceville,0.0
M,under 16,Allegheny West,0.0
F,under 16,Allegheny West,0.0
M,16 to 20,Allegheny West,0.00453059015255
F,16 to 20,Allegheny West,0.0
M,21 to 34,Allegheny West,0.00453057203022
F,21 to 34,Allegheny West,0.0
M,35 to 44,Allegheny West,0.0
F,35 to 44,Allegheny West,0.0
M,45 to 64,Allegheny West,0.0
F,45 to 64,Allegheny West,0.0
M,65 and over,Allegheny West,0.0
F,65 and over,Allegheny West,0.0
M,under 16,West End,0.0
F,under 16,West End,0.0
M,16 to 20,West End,0.0
F,16 to 20,West End,0.0
M,21 to 34,West End,0.00453535884367
F,21 to 34,West End,0.00908355779101
M,35 to 44,West End,0.0136197213612
F,35 to 44,West End,0.0
M,45 to 64,West End,0.0271624443264
F,45 to 64,West End,0.0
M,65 and over,West End,0.0
F,65 and over,West End,0.0
M,under 16,Friendship,0.0
F,under 16,Friendship,0.0
M,16 to 20,Friendship,0.00914531943747
F,16 to 20,Friendship,0.00457569322786
M,21 to 34,Friendship,0.0135338838529
F,21 to 34,Friendship,0.0
M,35 to 44,Friendship,0.0
F,35 to 44,Friendship,0.0
M,45 to 64,Friendship,0.0
F,45 to 64,Friendship,0.0
M,65 and over,Friendship,0.0
F,65 and over,Friendship,0.0
M,under 16,Stanton Heights,0.018111356519
F,under 16,Stanton Heights,0.0
M,16 to 20,Stanton Heights,0.0
F,16 to 20,Stanton Heights,0.0
M,21 to 34,Stanton Heights,0.0136546431138
F,21 to 34,Stanton Heights,0.0046015822663
M,35 to 44,Stanton Heights,0.00904752470035
F,35 to 44,Stanton Heights,0.0136860929793
M,45 to 64,Stanton Heights,0.00453204470616
F,45 to 64,Stanton Heights,0.0
M,65 and over,Stanton Heights,0.0
F,65 and over,Stanton Heights,0.0
M,under 16,Brookline,0.0
F,under 16,Brookline,0.0
M,16 to 20,Brookline,0.0317889628921
F,16 to 20,Brookline,0.0
M,21 to 34,Brookline,0.0979296942833
F,21 to 34,Brookline,0.0406994359264
M,35 to 44,Brookline,0.0361608712222
F,35 to 44,Brookline,0.00457747809714
M,45 to 64,Brookline,0.071525697979
F,45 to 64,Brookline,0.00455542217483
M,65 and over,Brookline,0.0
F,65 and over,Brookline,0.0
M,under 16,Duquesne Heights,0.0
F,under 16,Duquesne Heights,0.0
M,16 to 20,Duquesne Heights,0.0181199854161
F,16 to 20,Duquesne Heights,0.0
M,21 to 34,Duquesne Heights,0.0180881117323
F,21 to 34,Duquesne Heights,0.00913298299823
M,35 to 44,Duquesne Heights,0.0
F,35 to 44,Duquesne Heights,0.00912365243731
M,45 to 64,Duquesne Heights,0.00457125238389
F,45 to 64,Duquesne Heights,0.0045877202071
M,65 and over,Duquesne Heights,0.0
F,65 and over,Duquesne Heights,0.0
M,under 16,Marshall-Shadeland,0.0847885735081
F,under 16,Marshall-Shadeland,0.00910294701773
M,16 to 20,Marshall-Shadeland,0.0891482573126
F,16 to 20,Marshall-Shadeland,0.00454248949564
M,21 to 34,Marshall-Shadeland,0.170094206467
F,21 to 34,Marshall-Shadeland,0.040636737292
M,35 to 44,Marshall-Shadeland,0.0406388942483
F,35 to 44,Marshall-Shadeland,0.0181208307228
M,45 to 64,Marshall-Shadeland,0.067372587748
F,45 to 64,Marshall-Shadeland,0.0182283828986
M,65 and over,Marshall-Shadeland,0.00457173696257
F,65 and over,Marshall-Shadeland,0.0
M,under 16,Terrace Village,0.00454884434013
F,under 16,Terrace Village,0.00903626301335
M,16 to 20,Terrace Village,0.0045983898745
F,16 to 20,Terrace Village,0.0
M,21 to 34,Terrace Village,0.0495438162841
F,21 to 34,Terrace Village,0.0136028258196
M,35 to 44,Terrace Village,0.0137413203046
F,35 to 44,Terrace Village,0.0
M,45 to 64,Terrace Village,0.00909119814368
F,45 to 64,Terrace Village,0.0
M,65 and over,Terrace Village,0.00457005944211
F,65 and over,Terrace Village,0.0
M,under 16,Mt. Oliver Boro,0.0
F,under 16,Mt. Oliver Boro,0.0
M,16 to 20,Mt. Oliver Boro,0.0273239060694
F,16 to 20,Mt. Oliver Boro,0.0
M,21 to 34,Mt. Oliver Boro,0.0
F,21 to 34,Mt. Oliver Boro,0.0
M,35 to 44,Mt. Oliver Boro,0.0
F,35 to 44,Mt. Oliver Boro,0.0
M,45 to 64,Mt. Oliver Boro,0.0
F,45 to 64,Mt. Oliver Boro,0.0
M,65 and over,Mt. Oliver Boro,0.0
F,65 and over,Mt. Oliver Boro,0.0
M,under 16,Bon Air,0.0
F,under 16,Bon Air,0.0
M,16 to 20,Bon Air,0.00457128438279
F,16 to 20,Bon Air,0.0
M,21 to 34,Bon Air,0.0
F,21 to 34,Bon Air,0.00458124233291
M,35 to 44,Bon Air,0.0136189801594
F,35 to 44,Bon Air,0.0
M,45 to 64,Bon Air,0.0
F,45 to 64,Bon Air,0.0
M,65 and over,Bon Air,0.0
F,65 and over,Bon Air,0.0
M,under 16,Oakwood,0.0
F,under 16,Oakwood,0.0
M,16 to 20,Oakwood,0.0
F,16 to 20,Oakwood,0.0
M,21 to 34,Oakwood,0.0
F,21 to 34,Oakwood,0.0
M,35 to 44,Oakwood,0.0
F,35 to 44,Oakwood,0.0
M,45 to 64,Oakwood,0.00452173245328
F,45 to 64,Oakwood,0.00452669099131
M,65 and over,Oakwood,0.0
F,65 and over,Oakwood,0.0
M,under 16,Arlington,0.0
F,under 16,Arlington,0.0
M,16 to 20,Arlington,0.0
F,16 to 20,Arlington,0.00454640226526
M,21 to 34,Arlington,0.0181273378804
F,21 to 34,Arlington,0.0
M,35 to 44,Arlington,0.0182356795654
F,35 to 44,Arlington,0.00457753760477
M,45 to 64,Arlington,0.0226168396556
F,45 to 64,Arlington,0.0
M,65 and over,Arlington,0.0
F,65 and over,Arlington,0.0
M,under 16,Greenfield,0.0
F,under 16,Greenfield,0.0
M,16 to 20,Greenfield,0.00454587491292
F,16 to 20,Greenfield,0.0
M,21 to 34,Greenfield,0.0181918920815
F,21 to 34,Greenfield,0.0136377298293
M,35 to 44,Greenfield,0.0
F,35 to 44,Greenfield,0.00458773397029
M,45 to 64,Greenfield,0.0136376717191
F,45 to 64,Greenfield,0.0
M,65 and over,Greenfield,0.0
F,65 and over,Greenfield,0.0
M,under 16,South Oakland,0.0
F,under 16,South Oakland,0.0
M,16 to 20,South Oakland,0.0316691554511
F,16 to 20,South Oakland,0.0
M,21 to 34,South Oakland,0.0272438291038
F,21 to 34,South Oakland,0.0
M,35 to 44,South Oakland,0.0136553277132
F,35 to 44,South Oakland,0.0
M,45 to 64,South Oakland,0.0
F,45 to 64,South Oakland,0.0
M,65 and over,South Oakland,0.0
F,65 and over,South Oakland,0.0
M,under 16,Mt. Oliver Neighborhood,0.0
F,under 16,Mt. Oliver Neighborhood,0.0
M,16 to 20,Mt. Oliver Neighborhood,0.0
F,16 to 20,Mt. Oliver Neighborhood,0.00456787090674
M,21 to 34,Mt. Oliver Neighborhood,0.0
F,21 to 34,Mt. Oliver Neighborhood,0.00910581042141
M,35 to 44,Mt. Oliver Neighborhood,0.00455077346004
F,35 to 44,Mt. Oliver Neighborhood,0.0
M,45 to 64,Mt. Oliver Neighborhood,0.00911750612812
F,45 to 64,Mt. Oliver Neighborhood,0.0
M,65 and over,Mt. Oliver Neighborhood,0.0
F,65 and over,Mt. Oliver Neighborhood,0.0
M,under 16,Overbrook,0.0
F,under 16,Overbrook,0.0
M,16 to 20,Overbrook,0.0181527716582
F,16 to 20,Overbrook,0.0
M,21 to 34,Overbrook,0.040397979163
F,21 to 34,Overbrook,0.0316544502389
M,35 to 44,Overbrook,0.0316001863984
F,35 to 44,Overbrook,0.0
M,45 to 64,Overbrook,0.0136313802231
F,45 to 64,Overbrook,0.0
M,65 and over,Overbrook,0.0
F,65 and over,Overbrook,0.0
M,under 16,Windgap,0.0
F,under 16,Windgap,0.0
M,16 to 20,Windgap,0.0
F,16 to 20,Windgap,0.0
M,21 to 34,Windgap,0.0136644136165
F,21 to 34,Windgap,0.0
M,35 to 44,Windgap,0.0
F,35 to 44,Windgap,0.0
M,45 to 64,Windgap,0.013657984535
F,45 to 64,Windgap,0.0
M,65 and over,Windgap,0.0
F,65 and over,Windgap,0.0
M,under 16,Chartiers City,0.0
F,under 16,Chartiers City,0.0
M,16 to 20,Chartiers City,0.0
F,16 to 20,Chartiers City,0.0
M,21 to 34,Chartiers City,0.0
F,21 to 34,Chartiers City,0.0
M,35 to 44,Chartiers City,0.0
F,35 to 44,Chartiers City,0.0
M,45 to 64,Chartiers City,0.0
F,45 to 64,Chartiers City,0.0
M,65 and over,Chartiers City,0.0
F,65 and over,Chartiers City,0.0
M,under 16,Fairywood,0.0
F,under 16,Fairywood,0.0
M,16 to 20,Fairywood,0.0
F,16 to 20,Fairywood,0.0
M,21 to 34,Fairywood,0.0
F,21 to 34,Fairywood,0.0181612635782
M,35 to 44,Fairywood,0.0
F,35 to 44,Fairywood,0.0
M,45 to 64,Fairywood,0.0
F,45 to 64,Fairywood,0.00454316183417
M,65 and over,Fairywood,0.0
F,65 and over,Fairywood,0.0
M,under 16,Glen Hazel,0.0272483071848
F,under 16,Glen Hazel,0.0
M,16 to 20,Glen Hazel,0.00456846933733
F,16 to 20,Glen Hazel,0.0
M,21 to 34,Glen Hazel,0.00454540216627
F,21 to 34,Glen Hazel,0.0045993418402
M,35 to 44,Glen Hazel,0.00460109912528
F,35 to 44,Glen Hazel,0.0
M,45 to 64,Glen Hazel,0.0045283073093
F,45 to 64,Glen Hazel,0.0
M,65 and over,Glen Hazel,0.0
F,65 and over,Glen Hazel,0.0
M,under 16,West Oakland,0.0
F,under 16,West Oakland,0.0
M,16 to 20,West Oakland,0.0272778174252
F,16 to 20,West Oakland,0.00458943174678
M,21 to 34,West Oakland,0.0226993646203
F,21 to 34,West Oakland,0.0
M,35 to 44,West Oakland,0.0
F,35 to 44,West Oakland,0.0045903726772
M,45 to 64,West Oakland,0.00453082121866
F,45 to 64,West Oakland,0.0
M,65 and over,West Oakland,0.0
F,65 and over,West Oakland,0.0
M,under 16,Lincoln Place,0.0
F,under 16,Lincoln Place,0.00452959353185
M,16 to 20,Lincoln Place,0.0
F,16 to 20,Lincoln Place,0.0
M,21 to 34,Lincoln Place,0.0362953100096
F,21 to 34,Lincoln Place,0.00454983609679
M,35 to 44,Lincoln Place,0.0090886711406
F,35 to 44,Lincoln Place,0.0
M,45 to 64,Lincoln Place,0.0
F,45 to 64,Lincoln Place,0.0
M,65 and over,Lincoln Place,0.0
F,65 and over,Lincoln Place,0.0
M,under 16,Squirrel Hill North,0.0
F,under 16,Squirrel Hill North,0.0
M,16 to 20,Squirrel Hill North,0.0136984908574
F,16 to 20,Squirrel Hill North,0.0
M,21 to 34,Squirrel Hill North,0.0406275347197
F,21 to 34,Squirrel Hill North,0.0136251659371
M,35 to 44,Squirrel Hill North,0.0135696492089
F,35 to 44,Squirrel Hill North,0.0
M,45 to 64,Squirrel Hill North,0.00457887444159
F,45 to 64,Squirrel Hill North,0.0
M,65 and over,Squirrel Hill North,0.0
F,65 and over,Squirrel Hill North,0.0
M,under 16,Arlington Heights,0.0
F,under 16,Arlington Heights,0.0
M,16 to 20,Arlington Heights,0.0
F,16 to 20,Arlington Heights,0.0
M,21 to 34,Arlington Heights,0.0271180970915
F,21 to 34,Arlington Heights,0.0
M,35 to 44,Arlington Heights,0.00909371035077
F,35 to 44,Arlington Heights,0.0
M,45 to 64,Arlington Heights,0.0
F,45 to 64,Arlington Heights,0.0
M,65 and over,Arlington Heights,0.0
F,65 and over,Arlington Heights,0.0
M,under 16,Outside State,0.0
F,under 16,Outside State,0.0
M,16 to 20,Outside State,0.00457105582417
F,16 to 20,Outside State,0.0
M,21 to 34,Outside State,0.0
F,21 to 34,Outside State,0.0
M,35 to 44,Outside State,0.0
F,35 to 44,Outside State,0.0
M,45 to 64,Outside State,0.0
F,45 to 64,Outside State,0.0
M,65 and over,Outside State,0.0
F,65 and over,Outside State,0.0
M,under 16,St. Clair,0.0
F,under 16,St. Clair,0.00454959951135
M,16 to 20,St. Clair,0.0
F,16 to 20,St. Clair,0.0
M,21 to 34,St. Clair,0.00453609816778
F,21 to 34,St. Clair,0.00456304521561
M,35 to 44,St. Clair,0.0
F,35 to 44,St. Clair,0.0
M,45 to 64,St. Clair,0.0
F,45 to 64,St. Clair,0.0
M,65 and over,St. Clair,0.0
F,65 and over,St. Clair,0.0
M,under 16,Regent Square,0.0
F,under 16,Regent Square,0.0
M,16 to 20,Regent Square,0.0090965910171
F,16 to 20,Regent Square,0.0
M,21 to 34,Regent Square,0.0
F,21 to 34,Regent Square,0.0
M,35 to 44,Regent Square,0.0
F,35 to 44,Regent Square,0.0
M,45 to 64,Regent Square,0.0
F,45 to 64,Regent Square,0.0
M,65 and over,Regent Square,0.0
F,65 and over,Regent Square,0.0
M,under 16,East Carnegie,0.0
F,under 16,East Carnegie,0.0
M,16 to 20,East Carnegie,0.0
F,16 to 20,East Carnegie,0.0
M,21 to 34,East Carnegie,0.0045374955019
F,21 to 34,East Carnegie,0.0
M,35 to 44,East Carnegie,0.0
F,35 to 44,East Carnegie,0.0045714306663
M,45 to 64,East Carnegie,0.0
F,45 to 64,East Carnegie,0.0
M,65 and over,East Carnegie,0.0
F,65 and over,East Carnegie,0.0
M,under 16,Swisshelm Park,0.0
F,under 16,Swisshelm Park,0.0
M,16 to 20,Swisshelm Park,0.0
F,16 to 20,Swisshelm Park,0.0
M,21 to 34,Swisshelm Park,0.0
F,21 to 34,Swisshelm Park,0.0
M,35 to 44,Swisshelm Park,0.0
F,35 to 44,Swisshelm Park,0.0
M,45 to 64,Swisshelm Park,0.0
F,45 to 64,Swisshelm Park,0.0
M,65 and over,Swisshelm Park,0.0
F,65 and over,Swisshelm Park,0.0
M,under 16,Ridgemont,0.0
F,under 16,Ridgemont,0.0
M,16 to 20,Ridgemont,0.0
F,16 to 20,Ridgemont,0.0
M,21 to 34,Ridgemont,0.0
F,21 to 34,Ridgemont,0.0
M,35 to 44,Ridgemont,0.0
F,35 to 44,Ridgemont,0.0
M,45 to 64,Ridgemont,0.0
F,45 to 64,Ridgemont,0.0
M,65 and over,Ridgemont,0.0
F,65 and over,Ridgemont,0.0
M,under 16,Outside County,0.0
F,under 16,Outside County,0.0
M,16 to 20,Outside County,0.0
F,16 to 20,Outside County,0.0
M,21 to 34,Outside County,0.0
F,21 to 34,Outside County,0.0
M,35 to 44,Outside County,0.0
F,35 to 44,Outside County,0.0
M,45 to 64,Outside County,0.0
F,45 to 64,Outside County,0.0
M,65 and over,Outside County,0.0
F,65 and over,Outside County,0.0
